customer_id;full_name;residence_country;customer_since;customer_segment;risk_profile
1;George Ochoa;USA;24.11.2020;business;medium
2;Troy Hobbs;Belarus;11.01.2023;retail;medium
3;Linda Rogers;Turkey;27.07.2018;retail;medium
4;Matthew Park;Poland;14.12.2017;business;medium
5;Katrina Martinez;Germany;25.05.2022;business;low
6;Elijah Davis;Germany;08.07.2019;retail;medium
7;Samantha Nguyen;Poland;09.01.2018;business;medium
8;Spencer Jacobs;Germany;03.04.2018;business;high
9;Sarah Acevedo;Germany;09.11.2020;business;low
10;Adam Aguilar;Russia;25.01.2019;business;medium
11;Leah Chavez;Belarus;14.12.2019;retail;high
12;Sarah Park;UK;20.09.2017;business;high
13;Christian Fernandez;Lithuania;04.07.2025;business;high
14;Trevor Chase;Germany;07.10.2020;business;medium
15;Jennifer Harrington;Lithuania;11.09.2021;retail;low
16;Stephanie Shaw;Belarus;02.02.2019;business;medium
17;James Henson;Czech Republic;17.01.2018;business;medium
18;Kelly Hickman;Belarus;11.08.2024;business;high
19;Christie Ferguson;Germany;11.10.2016;retail;high
20;Troy Mcknight;Turkey;02.08.2022;retail;high
21;Nicholas Flores;Russia;19.05.2022;business;medium
22;Timothy Perez;Germany;28.07.2019;retail;low
23;Tanya Cain;Czech Republic;16.10.2025;retail;high
24;Michael Brock;Russia;25.10.2024;business;high
25;Cindy Reed;Poland;16.12.2023;retail;high
26;Mrs. Joyce Morales;USA;18.07.2021;retail;medium
27;Lindsay Lopez;Czech Republic;03.08.2016;business;medium
28;Daniel Cantrell;Turkey;19.03.2021;business;medium
29;Joseph Wang;Kazakhstan;12.06.2017;retail;medium
30;Harold Smith;Germany;26.07.2017;business;low
31;Danielle Moran;Turkey;11.03.2023;business;high
32;Colleen Pugh;Czech Republic;21.02.2019;business;low
33;Joseph Martinez;Russia;05.07.2021;business;low
34;Sherry Peterson;UAE;06.09.2020;retail;medium
35;Derek Young;Ukraine;05.03.2019;business;high
36;Kelly Moreno;Poland;04.09.2018;business;medium
37;Louis Clark;USA;07.06.2017;business;medium
38;Lee Beck;Lithuania;29.11.2016;retail;high
39;Beth Jones;Lithuania;16.03.2018;business;low
40;Cheryl Dixon;Kazakhstan;18.07.2023;business;high
41;Beth Reyes;Germany;04.08.2020;retail;medium
42;Brandy Sosa;Germany;02.09.2024;business;medium
43;Anna Villarreal;Germany;20.01.2021;retail;low
44;Joseph Smith;Czech Republic;17.12.2016;business;medium
45;Jessica Thompson;Lithuania;22.01.2026;business;high
46;Joan Hawkins;Ukraine;10.08.2024;retail;high
47;Martha Peterson;UAE;28.10.2016;business;low
48;Kelli Alvarado;Poland;18.05.2024;business;high
49;Joseph Davis;Czech Republic;06.11.2025;retail;medium
50;Anthony Little;USA;21.02.2020;business;medium
51;Joseph Adams;Russia;26.02.2022;retail;high
52;Alice Green;USA;25.01.2023;retail;low
53;Brittany Thomas;Kazakhstan;01.11.2025;retail;low
54;Dr. Henry Garcia Jr.;UK;06.12.2017;business;medium
55;Mrs. Michelle Riley;Kazakhstan;09.11.2019;business;low
56;Michael Colon;Poland;13.01.2018;business;high
57;Olivia Jackson;Ukraine;23.04.2016;business;high
58;Devin Huff;Lithuania;16.03.2019;retail;high
59;Daniel Hood;Russia;11.08.2023;retail;low
60;Destiny Smith;UK;26.04.2023;business;medium
61;Guy Mason;Czech Republic;09.06.2024;retail;low
62;William Fitzpatrick;Lithuania;01.10.2022;business;medium
63;Martin Martin;UAE;08.04.2016;retail;low
64;Leah Miller;Germany;17.07.2024;retail;medium
65;Jennifer Wright;Lithuania;15.03.2025;retail;medium
66;Lisa Williams;UK;13.01.2020;business;high
67;Andrew Kelly;Russia;26.07.2016;retail;medium
68;Troy Santos;Russia;12.12.2019;business;medium
69;Thomas Mendoza;Germany;13.09.2018;retail;medium
70;Maria Delgado;USA;17.01.2020;business;low
71;Kylie Sanchez;Germany;12.04.2018;retail;low
72;Jason Black;Lithuania;27.08.2016;business;high
73;Carmen Sanchez;Kazakhstan;20.07.2019;business;medium
74;Anne Goodman;Russia;25.10.2021;business;low
75;Stacy Strickland;Belarus;09.03.2023;business;low
76;David Compton;Ukraine;11.11.2020;retail;medium
77;Philip Lambert;Russia;28.03.2019;business;low
78;Adam Watts;Czech Republic;25.11.2019;business;low
79;Jeffrey Blair;Germany;07.10.2017;business;high
80;Alexandra Myers;Germany;09.09.2025;retail;high
81;Amanda Larson;Germany;22.11.2021;business;high
82;Carla Jackson;Lithuania;06.08.2019;retail;medium
83;William Rosario;UK;14.06.2022;business;low
84;Matthew Taylor;Kazakhstan;10.05.2016;retail;low
85;John Evans;UAE;19.03.2023;business;high
86;Tina Price;UK;18.12.2020;retail;high
87;Jasmine Stewart;Belarus;24.05.2021;retail;low
88;Derek Thompson;Lithuania;29.06.2021;business;low
89;Alison Johnson;Belarus;21.01.2022;retail;medium
90;Hannah Watts;Czech Republic;29.10.2022;retail;low
91;Jonathan Nelson;Turkey;01.06.2024;retail;low
92;Donald Hill;Turkey;30.01.2020;business;high
93;Diana Burton;Kazakhstan;04.07.2023;retail;high
94;Joshua Scott;Ukraine;25.03.2018;business;low
95;Eric Dunn;Lithuania;08.03.2019;retail;low
96;Tamara Burns;UK;25.07.2024;retail;low
97;Jordan Sullivan;Czech Republic;07.03.2018;retail;high
98;Leslie Henry;Kazakhstan;10.06.2017;business;high
99;Jamie Roberts;Lithuania;25.07.2024;business;high
100;Joann Turner;Lithuania;26.09.2018;business;high
101;Melissa Miller;Germany;05.05.2021;retail;low
102;Ariel Turner;Poland;27.01.2022;retail;medium
103;Douglas Walker;Germany;14.04.2025;retail;high
104;Stanley Jones;Czech Republic;25.10.2020;retail;high
105;Nicole Rodriguez;USA;20.03.2021;retail;high
106;Mary Jacobs;UAE;10.05.2025;business;medium
107;Zachary Miller;Czech Republic;07.11.2019;retail;medium
108;Matthew Stephens;Germany;22.06.2017;retail;low
109;Monique Davis;Russia;06.04.2019;business;high
110;Craig Welch;Kazakhstan;20.01.2021;retail;low
111;Jennifer Williams;UK;01.10.2020;retail;high
112;Michael Robinson;Russia;03.06.2021;business;medium
113;John Simpson;Russia;18.10.2019;business;high
114;William Olson;Kazakhstan;22.12.2021;retail;low
115;Kimberly Camacho;Lithuania;13.04.2020;retail;high
116;Christopher Martinez;Czech Republic;06.10.2021;retail;medium
117;Norma Hamilton;UK;25.03.2023;retail;low
118;John Cole;Germany;11.10.2020;business;high
119;Cassandra Jimenez;Czech Republic;24.03.2021;business;high
120;Anthony Webb;Russia;19.02.2019;retail;low
121;Nicholas Villanueva;Belarus;08.04.2023;retail;low
122;Sean Miller;Germany;21.11.2017;retail;high
123;Tyler Andrews;Kazakhstan;11.01.2019;retail;medium
124;Richard Conner;Ukraine;13.08.2019;business;high
125;Lisa Deleon;UK;17.12.2023;retail;medium
126;Alexis Young;Turkey;17.05.2023;retail;high
127;Stephanie Mckinney;Turkey;16.06.2021;retail;medium
128;Heather Davis;Belarus;23.01.2025;retail;high
129;Jamie Gomez;UAE;03.12.2021;retail;medium
130;Mary Casey;UAE;13.07.2016;retail;medium
131;Ricky Reynolds;UK;28.03.2024;retail;low
132;Cristian Ward PhD;Kazakhstan;26.09.2024;business;high
133;Melissa Hughes;Germany;14.09.2025;retail;medium
134;Marie Hansen;Lithuania;24.06.2017;business;low
135;Brittany Lambert;Lithuania;18.02.2017;business;medium
136;Jennifer Bishop;UAE;13.07.2020;business;medium
137;Michael Frost;USA;28.05.2024;retail;low
138;Scott Chapman;UAE;08.11.2016;business;medium
139;Ryan Ford;Poland;12.03.2022;retail;low
140;Jennifer Smith;UK;21.12.2025;retail;low
141;Elizabeth Garrett;Ukraine;16.03.2025;retail;high
142;John Martinez;Ukraine;17.06.2017;retail;low
143;Melissa Brown;Belarus;22.07.2017;retail;low
144;Theresa Fitzpatrick;Ukraine;29.11.2018;retail;high
145;Kelly Walsh;Germany;07.04.2020;business;medium
146;Michelle Cook;Kazakhstan;17.11.2023;business;low
147;Steven Mueller;Kazakhstan;31.10.2022;retail;high
148;Debra Thomas;UAE;02.09.2025;business;high
149;Robert Hooper;Belarus;11.09.2020;retail;medium
150;Juan Campos;Russia;27.01.2023;business;low
151;Melvin Avila;Ukraine;01.09.2021;retail;low
152;Amy Carrillo;Turkey;27.06.2019;retail;medium
153;Austin Wiley;USA;03.08.2020;business;high
154;Michael Frey;Russia;14.11.2017;business;medium
155;Susan Scott;USA;09.10.2021;business;low
156;Lydia Salazar;Belarus;21.02.2019;retail;medium
157;Christopher Austin;Belarus;12.01.2020;retail;medium
158;Christine Russell;Turkey;08.11.2023;business;high
159;Daniel Cooper;Russia;12.04.2021;business;high
160;Kelly Blake;Russia;21.02.2023;business;medium
161;Joshua Long;Czech Republic;11.01.2022;retail;medium
162;Erin Barnes;Lithuania;27.08.2022;retail;medium
163;Joshua Cooper;Germany;28.03.2020;business;low
164;Matthew West;USA;01.05.2019;retail;medium
165;Mrs. Jenna Rodriguez DDS;Poland;15.04.2025;business;high
166;Timothy Stafford;Kazakhstan;18.04.2025;retail;medium
167;Alicia Roach;UAE;07.09.2017;business;low
168;Erika Willis;USA;09.11.2024;retail;high
169;Shawn Hill;Russia;13.10.2017;business;low
170;Michelle Brown;Ukraine;01.09.2019;retail;low
171;Daniel Mcclure;Lithuania;11.03.2024;business;medium
172;Jacob Rodriguez;USA;03.02.2017;retail;high
173;Joseph Nguyen;Germany;07.07.2021;retail;low
174;Brandon Chambers;Kazakhstan;23.04.2025;business;medium
175;Timothy Cook;Poland;15.08.2018;retail;low
176;Laura Ortiz;Poland;02.09.2021;retail;high
177;Lisa Daniel;Ukraine;13.11.2020;retail;medium
178;Bob Pearson;Kazakhstan;04.09.2025;retail;low
179;Martha Anderson;Turkey;27.10.2016;business;medium
180;Kellie Stewart;Turkey;02.10.2018;business;medium
181;Anthony Briggs;Germany;14.01.2019;retail;medium
182;Amanda Nelson;Belarus;21.03.2023;retail;medium
183;Nicholas Hill;USA;13.12.2020;retail;medium
184;Patrick Stone;Poland;08.10.2020;retail;high
185;Melissa Johnson;Kazakhstan;24.03.2021;retail;low
186;Christopher Becker;UAE;10.10.2017;retail;medium
187;Jamie Mendoza;Lithuania;02.12.2016;business;low
188;Ryan Higgins;Kazakhstan;09.11.2022;retail;high
189;Randy Daniels;UAE;07.03.2024;retail;high
190;Connie Hudson;Russia;29.03.2022;business;medium
191;Stephen Smith;USA;05.01.2021;business;low
192;Shawn Lee;Germany;15.04.2022;business;low
193;Juan Campbell;Russia;17.08.2019;retail;medium
194;Christopher Martinez;UAE;26.11.2023;retail;medium
195;Jason Edwards;Kazakhstan;14.09.2016;business;low
196;Melissa Smith;UK;03.10.2020;retail;high
197;Lisa Mcdonald;UK;30.10.2022;retail;medium
198;Kristina Johnson;Czech Republic;19.01.2019;business;high
199;Brittany James;Lithuania;22.05.2017;business;low
200;Mary Brown;Lithuania;11.07.2020;business;high
201;Kayla Glenn;Turkey;27.11.2025;business;low
202;Zachary Cooper;UK;24.08.2023;business;low
203;April Ford;Belarus;26.01.2019;business;low
204;Zachary Stone DVM;Russia;15.08.2018;retail;low
205;Sherri Williams DDS;Russia;30.09.2021;business;medium
206;Marcus Taylor;Ukraine;15.01.2020;retail;high
207;Deborah Williams;UK;30.12.2021;retail;high
208;Theresa Ali;Lithuania;23.02.2021;business;low
209;Kelli Nelson;Lithuania;12.09.2020;retail;low
210;Julie Cook;Kazakhstan;06.02.2026;business;high
211;Kristin Barber;Ukraine;11.09.2016;business;medium
212;Amy Cole;Russia;03.09.2017;retail;medium
213;Lisa Gonzalez;Russia;16.09.2018;retail;low
214;Brandy Rodgers;Lithuania;31.01.2019;retail;low
215;Jeffrey Mejia;USA;21.02.2021;business;medium
216;Stephanie Pearson;Ukraine;20.02.2023;retail;medium
217;Elizabeth Mata;Belarus;17.11.2021;retail;low
218;Mr. Steve Moore;Poland;05.12.2020;business;low
219;Richard Koch;Germany;22.04.2019;business;high
220;Amy Stephens;USA;19.09.2024;business;medium
221;Michael Scott;Lithuania;30.04.2020;business;medium
222;Jonathan Barrera;Kazakhstan;08.06.2019;retail;medium
223;Jonathan Schwartz;Ukraine;14.02.2019;retail;low
224;Stephanie Price;Poland;11.03.2024;retail;low
225;Vincent Jones;UAE;17.08.2017;business;high
226;Joseph Harrison;Kazakhstan;06.05.2016;business;medium
227;David Stevens;Czech Republic;28.02.2026;retail;medium
228;Richard Jones;Ukraine;26.11.2018;retail;medium
229;Diamond Klein;Czech Republic;02.11.2025;business;high
230;Keith Fox;Ukraine;23.05.2023;business;low
231;Zachary Mckay;Russia;16.09.2019;business;high
232;Julie Harris;Russia;04.02.2025;retail;high
233;Robert Allen;Belarus;23.01.2023;retail;low
234;Cristina Stewart;Germany;05.08.2018;retail;high
235;Garrett Nunez;Germany;16.12.2017;retail;medium
236;Derek Vance;Kazakhstan;18.08.2016;business;medium
237;George Wade;USA;01.01.2021;retail;high
238;Julia Bowman;Germany;19.08.2020;retail;medium
239;Marc Herrera;Belarus;28.10.2019;retail;low
240;Kenneth Reed;Russia;15.04.2025;business;high
241;Erika Maynard;Czech Republic;04.07.2020;business;low
242;Savannah Taylor;Belarus;01.01.2017;retail;high
243;Jeremy Phillips;Ukraine;13.07.2016;retail;low
244;Melissa Macdonald;Lithuania;27.08.2016;business;high
245;Phillip Horn;UK;27.09.2024;retail;low
246;Cynthia Wright;Belarus;14.02.2025;retail;low
247;Vincent Sullivan;Belarus;10.05.2024;business;medium
248;Ian Schwartz;UK;27.05.2020;business;high
249;Donna Mcdonald;Germany;13.06.2022;retail;medium
250;Adam Keller;UK;29.04.2018;retail;medium
251;Jeffrey Vasquez;UAE;26.12.2018;business;low
252;Nina Hernandez;Russia;01.07.2016;retail;medium
253;Clinton Hammond;USA;30.06.2020;retail;medium
254;Megan Moore;Germany;11.02.2018;retail;high
255;Robert Kirk;Kazakhstan;26.04.2024;business;medium
256;Joshua Johnson;Russia;06.03.2024;retail;high
257;Matthew Lee;UAE;08.09.2021;retail;medium
258;Melissa Hart;Turkey;28.05.2022;business;high
259;Mr. Jonathan Hoffman;Kazakhstan;29.09.2016;retail;low
260;Sarah Stephens;Lithuania;13.04.2025;retail;medium
261;Jonathan Chavez Jr.;Germany;04.12.2018;business;high
262;Eric Santiago;Lithuania;13.06.2020;business;medium
263;Danielle Marshall;Poland;27.11.2017;retail;high
264;Linda Frazier;Poland;12.01.2023;business;medium
265;Francisco Smith;Czech Republic;18.01.2025;business;medium
266;Kelly Carrillo;Ukraine;18.05.2025;retail;medium
267;Diana Turner;Turkey;17.08.2022;business;medium
268;James Mcdonald;USA;17.12.2025;business;high
269;Kathy Hernandez;Ukraine;08.01.2023;retail;medium
270;John Alexander MD;Poland;02.09.2022;business;low
271;Andre Rogers;Ukraine;02.04.2019;business;low
272;Jessica Thomas;Lithuania;04.10.2025;business;low
273;Patricia Brandt;Ukraine;08.08.2021;retail;high
274;David Weber;USA;09.01.2026;business;medium
275;Kathryn Nielsen;Turkey;08.09.2025;retail;low
276;Erika Meadows;UAE;27.06.2020;business;medium
277;Courtney Fuller;Czech Republic;27.04.2025;retail;medium
278;Crystal Martin;Germany;19.08.2023;business;low
279;Steven Lee;Russia;01.11.2019;retail;high
280;Rebecca Smith;Czech Republic;20.07.2021;business;low
281;James Taylor;Germany;06.10.2021;business;high
282;Laura Matthews;USA;16.01.2019;retail;medium
283;Amanda Cox;UAE;28.04.2025;retail;high
284;Debbie Scott;Poland;28.02.2024;retail;low
285;Charles Rodriguez;Ukraine;08.10.2025;business;medium
286;Kathryn Barnes;Czech Republic;09.11.2022;retail;low
287;Anthony Robinson;Russia;10.09.2019;retail;high
288;Rachel Hines;USA;07.01.2018;retail;medium
289;Michael Stephens;Germany;15.10.2020;business;low
290;Sandy Chapman;Czech Republic;23.11.2017;retail;low
291;Kelly Hawkins;Ukraine;24.04.2022;business;medium
292;Crystal Melton;Russia;16.05.2018;business;low
293;Amanda Gonzalez;UK;26.11.2021;business;high
294;Tom Lopez;UAE;05.06.2021;retail;low
295;John Perez;Czech Republic;02.06.2021;business;high
296;Derek Hill;Czech Republic;09.07.2025;retail;medium
297;Charles Berry;Russia;03.09.2023;retail;low
298;Richard Browning;Czech Republic;09.10.2016;business;low
299;Abigail Castillo;UAE;13.11.2017;retail;medium
300;Daryl Barnes;UK;13.07.2022;retail;low
301;Deanna Martinez;Germany;22.04.2016;business;high
302;Mark Green;Lithuania;12.06.2016;business;high
303;Bianca Knight DVM;UAE;08.02.2019;retail;low
304;Jennifer Fox;UK;23.10.2025;business;medium
305;Deborah Morales;Germany;22.04.2023;business;low
306;Dr. Timothy Williams;Poland;06.12.2025;retail;high
307;Jaime Oneill;Czech Republic;31.05.2022;business;medium
308;Anna Mitchell;Czech Republic;01.01.2020;retail;medium
309;Michael Brown;USA;01.01.2020;retail;low
310;Cheryl Dominguez;Germany;03.01.2019;business;medium
311;Brittany Cruz;Germany;30.09.2020;business;high
312;William Arnold;Germany;16.04.2022;business;high
313;Jonathan Williams;UK;10.10.2021;business;high
314;Nicole Weaver;UK;05.10.2018;business;low
315;Robert Keller;Kazakhstan;31.08.2022;retail;medium
316;Grant Jefferson;Czech Republic;26.04.2022;business;low
317;Lisa Walter;Belarus;24.02.2025;business;low
318;Linda Jenkins;Belarus;08.11.2017;business;low
319;Eric Wilkinson;UK;12.06.2016;business;medium
320;Lauren Vaughn;Poland;19.04.2025;business;low
321;Samantha Wiggins;USA;06.06.2023;retail;medium
322;Natalie Walter;Lithuania;25.12.2025;retail;medium
323;Steven Lee;USA;11.09.2021;retail;medium
324;Jeffrey Torres;Germany;19.10.2024;business;low
325;Richard Tucker;Poland;30.04.2019;business;low
326;Victor Martinez;Turkey;05.11.2022;business;high
327;Kevin Garcia;Russia;17.12.2019;retail;medium
328;Heather Dillon;Turkey;10.03.2025;retail;low
329;Julie Hensley;Turkey;07.03.2021;retail;medium
330;Courtney Johnson;Belarus;10.09.2021;retail;medium
331;Natasha Mendez;Kazakhstan;03.09.2023;business;medium
332;Gloria Coleman;Turkey;07.06.2016;retail;high
333;Stephen Mendez;UK;18.06.2020;business;low
334;Jason Torres;Turkey;12.02.2020;business;high
335;Brooke Castillo;Turkey;14.11.2016;retail;high
336;Robert Nichols;Belarus;22.07.2018;retail;medium
337;Gavin Bates;Czech Republic;17.02.2022;retail;low
338;Angelica Kidd;Lithuania;12.10.2017;retail;high
339;Michelle Tran;Czech Republic;24.12.2017;business;medium
340;Adam Blackwell;Czech Republic;07.10.2018;retail;medium
341;Nicole Ford;Russia;12.09.2018;retail;high
342;Bruce Fitzgerald;UK;12.10.2022;business;medium
343;Crystal Conrad;Turkey;29.09.2017;retail;medium
344;Jon Jackson;UK;21.09.2023;retail;medium
345;Jerry Lucas III;Ukraine;21.07.2023;business;high
346;Dwayne Cortez;Ukraine;17.06.2021;business;medium
347;Joseph Ray;Belarus;17.11.2019;business;high
348;Steven Whitney;Poland;17.06.2025;retail;high
349;Thomas Davis;UK;13.01.2026;retail;low
350;John Soto;Turkey;24.12.2016;retail;high
351;Brittany Garza;Germany;27.09.2017;business;medium
352;Timothy Morgan;Kazakhstan;06.02.2025;business;medium
353;Karen Hernandez;Kazakhstan;17.05.2024;business;medium
354;Lynn Mccann;Ukraine;11.03.2025;business;medium
355;Randall Prince;Turkey;21.06.2025;retail;medium
356;Kenneth Smith;UK;22.07.2024;business;high
357;Kelsey Conway;Kazakhstan;18.04.2023;retail;low
358;Bryan Sanchez;Kazakhstan;11.05.2018;business;high
359;Emma Gray;Belarus;24.02.2024;retail;medium
360;Michael Turner;Lithuania;30.05.2023;retail;low
361;Tracy Jenkins;Kazakhstan;20.10.2022;retail;low
362;Gloria Caldwell;USA;24.03.2024;business;high
363;Kendra Flores;Belarus;05.11.2017;retail;high
364;Monica Glenn;UAE;20.11.2018;business;high
365;Briana Combs;Ukraine;09.09.2019;retail;low
366;Julia Mcgrath;Poland;14.05.2025;retail;medium
367;Kendra Patrick;USA;09.09.2023;business;medium
368;Joseph Mason;USA;23.12.2025;retail;medium
369;Jeremiah Harris;Lithuania;20.03.2023;business;high
370;Michael Davis;Lithuania;25.04.2018;retail;high
371;Virginia Scott;Turkey;14.05.2021;retail;medium
372;Adam Nguyen;Belarus;28.06.2021;business;medium
373;Laura White;Russia;18.09.2016;retail;high
374;Austin Morrison;UAE;16.11.2016;business;high
375;Victor Hall;Russia;31.01.2025;business;high
376;Maria Carter;Kazakhstan;15.07.2017;business;medium
377;Jose Hall;Russia;16.08.2021;retail;low
378;Dr. Shannon Olson;Czech Republic;12.09.2021;business;high
379;Katherine Smith;Russia;23.03.2021;retail;high
380;Savannah Thomas;Poland;30.08.2023;retail;high
381;Trevor Miranda;Kazakhstan;09.01.2019;business;low
382;Tammy Malone;USA;22.03.2020;retail;low
383;William Rivera;UK;17.06.2019;business;low
384;Matthew Rodriguez;USA;06.12.2024;retail;medium
385;Andre Cook;USA;03.08.2017;business;low
386;Jessica Cox;Kazakhstan;12.09.2024;business;low
387;Anthony Robinson;Lithuania;30.09.2021;business;high
388;Ryan Cain;Czech Republic;27.09.2016;business;high
389;Cameron Donovan;Poland;28.05.2017;retail;high
390;Lisa Morales;USA;30.06.2022;retail;low
391;Jason Hodges;Czech Republic;30.10.2016;business;high
392;Laurie Jackson;Germany;08.04.2020;retail;low
393;Leslie Stewart;Turkey;12.03.2021;retail;high
394;Amanda Rios;Turkey;01.11.2024;business;medium
395;Andrew Holloway;Belarus;11.10.2018;business;medium
396;Joshua Turner;Ukraine;09.05.2020;business;medium
397;James Watkins;UK;18.01.2023;retail;medium
398;Timothy Mendoza;Ukraine;17.04.2018;retail;high
399;Jessica George;Kazakhstan;25.04.2020;business;medium
400;Kim Hernandez;UAE;31.05.2018;retail;low
401;Tammy Ferguson;USA;22.07.2020;business;medium
402;Nancy Conner;Turkey;02.06.2021;retail;low
403;Alexis Gibbs;Lithuania;20.01.2026;retail;medium
404;Nicholas Leon;UK;23.01.2019;business;high
405;Luis Lopez;Ukraine;07.10.2025;retail;medium
406;Travis Reyes;Belarus;15.09.2022;retail;high
407;Hannah Ford;Germany;15.09.2022;retail;medium
408;Kimberly Reid;Kazakhstan;06.06.2018;retail;high
409;Randall Avery;Poland;20.08.2020;retail;high
410;Kyle Johnson;USA;15.05.2019;retail;low
411;Amanda Gregory MD;Russia;28.02.2024;business;low
412;Christine Anderson;Ukraine;18.07.2022;retail;medium
413;Sarah Rogers;Lithuania;27.12.2020;retail;medium
414;Paige Long;Belarus;25.12.2019;retail;medium
415;Austin Gould;Czech Republic;08.08.2020;business;high
416;Nancy Christensen;Lithuania;30.12.2019;business;high
417;Douglas King;Turkey;17.10.2024;business;high
418;Kimberly Hernandez;Lithuania;05.03.2017;business;medium
419;Billy Braun;Poland;12.07.2017;retail;high
420;Samantha Lutz;UK;12.05.2025;business;high
421;Vanessa Villa;UAE;27.03.2018;retail;high
422;Jonathan Johnson;UK;15.09.2016;business;medium
423;Jennifer Figueroa MD;USA;24.08.2020;business;high
424;Daniel Green;UK;22.08.2016;business;low
425;Connie Khan;Russia;04.03.2022;business;low
426;Holly Robinson;Belarus;15.07.2016;retail;low
427;Mark Bryant;UAE;10.05.2018;business;high
428;Renee Delgado;Poland;03.07.2016;business;medium
429;John Gutierrez;Russia;13.10.2021;retail;medium
430;Ian Jackson;Russia;16.08.2016;retail;high
431;Robert Grimes;Lithuania;15.12.2021;retail;high
432;Matthew Moore;Czech Republic;23.03.2017;retail;low
433;Jasmine Hooper;Poland;01.05.2020;business;medium
434;Gary Lopez;Ukraine;23.07.2018;business;high
435;Gary Briggs;UAE;22.07.2021;business;low
436;Joshua Neal;Ukraine;21.04.2024;business;high
437;Timothy Carson;Russia;22.05.2018;retail;medium
438;Kimberly Young;UK;01.06.2021;retail;medium
439;Roy Parker;UAE;08.09.2022;retail;high
440;Christopher Kelly;Lithuania;05.10.2016;retail;high
441;Miguel Jones;Belarus;16.01.2020;retail;medium
442;Angela Jones;Ukraine;03.10.2017;business;medium
443;Virginia Drake;Ukraine;28.09.2023;retail;low
444;Jose Nichols;Kazakhstan;04.04.2023;retail;high
445;Ricky Ramirez;Kazakhstan;30.05.2018;business;high
446;Nicole Franklin;Belarus;23.06.2018;business;medium
447;Gary Turner;Lithuania;25.06.2018;business;high
448;Elizabeth Yates;Germany;27.10.2025;retail;medium
449;Ms. Brittany Robinson;Belarus;18.10.2016;retail;medium
450;Savannah Weeks;UK;27.11.2021;business;medium
451;Thomas Snyder;Belarus;15.12.2019;retail;high
452;Mr. Timothy Orozco;Turkey;29.08.2020;business;medium
453;Ashley Cuevas;Poland;30.08.2020;retail;low
454;Roger Smith;Germany;25.01.2024;retail;medium
455;Dylan Gray;Germany;14.06.2024;retail;high
456;Julie Montoya;Ukraine;23.05.2017;retail;low
457;Ryan Stevens;Ukraine;13.11.2017;retail;medium
458;Natalie Murray;USA;13.02.2019;retail;low
459;Kimberly Carney;USA;24.02.2017;retail;low
460;Christian Hughes;Turkey;24.08.2018;retail;medium
461;Elizabeth Johnson;Germany;03.05.2019;retail;medium
462;Jennifer Martin;Germany;30.08.2025;business;medium
463;Steven Doyle;Russia;17.03.2026;retail;low
464;Aimee Black;Ukraine;29.01.2026;business;high
465;Samantha Sanchez;USA;23.07.2022;business;low
466;Joshua Smith;Turkey;15.05.2017;retail;high
467;Angela Thompson;Germany;01.11.2021;retail;high
468;Christina Cole;Belarus;03.09.2023;business;low
469;Daniel Schultz;Kazakhstan;20.09.2019;business;high
470;Cindy Marquez;Czech Republic;25.08.2018;business;medium
471;Linda Thompson;UAE;13.09.2022;retail;low
472;Zachary Boone;Czech Republic;31.12.2021;retail;medium
473;Whitney Vaughan;UAE;06.12.2017;business;low
474;Bobby Price;UAE;13.02.2026;retail;low
475;Kathryn Wells;Poland;04.12.2018;business;high
476;Peter Walker;Poland;21.02.2018;business;low
477;Kyle Moore;Czech Republic;08.06.2019;business;low
478;Kevin Martinez;Czech Republic;02.02.2019;retail;medium
479;Kayla Arias;Czech Republic;03.01.2018;retail;high
480;Robert Sanchez;Russia;24.07.2024;business;high
481;Amy Morrison;Russia;21.09.2017;business;high
482;Shelby Tanner MD;Belarus;06.12.2022;business;high
483;Jennifer Lawson;Ukraine;25.05.2022;retail;low
484;Patricia Wilson;UAE;31.07.2022;retail;low
485;Zachary Scott;Ukraine;03.05.2020;business;low
486;Dawn Moore;Lithuania;15.01.2025;business;high
487;Michael Serrano;UAE;19.01.2026;retail;high
488;Rebecca Brooks;Poland;17.07.2020;retail;low
489;Jessica Campbell;Ukraine;29.08.2022;retail;high
490;Jorge Wong;Kazakhstan;21.08.2020;business;low
491;Michael Turner;Kazakhstan;22.07.2023;retail;low
492;Nicholas Hanson;UAE;15.01.2026;retail;medium
493;George Smith;Kazakhstan;07.12.2021;business;medium
494;Mary Powers;UAE;08.03.2021;retail;high
495;Belinda Johnson;Lithuania;06.01.2022;retail;high
496;Nathaniel Hill;Russia;09.07.2020;retail;medium
497;Melvin Miller;USA;10.10.2024;retail;medium
498;Sue Walker;Belarus;14.12.2017;business;high
499;Mary Ward;UAE;05.10.2016;retail;low
500;Renee Young;Belarus;22.09.2023;retail;medium
501;Karina Wilson;USA;12.08.2017;business;low
502;Larry Walls;Poland;26.02.2023;retail;low
503;Holly Reeves;Kazakhstan;04.09.2017;business;high
504;Michael Davis;UAE;13.09.2023;retail;low
505;Lance Brown;USA;28.04.2022;business;high
506;Michele May;USA;10.05.2025;business;high
507;Chad Anderson;Ukraine;07.08.2024;retail;medium
508;Trevor Jacobson;Turkey;27.07.2023;retail;low
509;Dawn Ibarra;UAE;23.02.2022;retail;high
510;Jamie Kelly;Ukraine;14.06.2024;business;low
511;Jason Allen;UAE;24.10.2017;retail;high
512;Rebecca Gilbert;Poland;24.08.2023;business;high
513;Sarah Bauer;UK;20.02.2020;retail;low
514;Ana Johnson;UAE;23.10.2021;retail;high
515;Rachel Cummings;UAE;20.12.2024;retail;medium
516;Lisa Garcia;Ukraine;19.09.2023;business;medium
517;Michael Pruitt;UK;04.11.2017;retail;low
518;Lauren Kennedy;USA;24.01.2025;business;medium
519;Steven White;Lithuania;07.11.2018;retail;medium
520;Rebecca Craig;Belarus;01.02.2017;business;medium
521;Kevin Green;Belarus;22.02.2017;business;medium
522;Ryan Jones;Belarus;17.10.2016;business;low
523;Jacqueline Hull;Belarus;03.05.2022;business;low
524;Aaron Jackson;Russia;02.04.2018;business;medium
525;Steven Smith;Kazakhstan;05.02.2020;business;high
526;Andrea Gray;Poland;11.09.2024;business;high
527;Amy Richardson;Russia;15.08.2023;retail;high
528;Laura Drake;UAE;17.06.2023;retail;medium
529;Emily Ayala;Ukraine;21.12.2018;retail;high
530;Cameron Moss;Kazakhstan;04.08.2016;retail;low
531;Melissa Downs;Czech Republic;01.11.2018;business;high
532;Jacob Mckee;Turkey;06.05.2023;retail;high
533;Carolyn Levy;Lithuania;04.12.2019;business;medium
534;Susan Anderson;Kazakhstan;04.11.2018;business;high
535;Jill Martin;UAE;19.10.2023;business;low
536;Michael Rodriguez;UK;27.06.2025;business;low
537;Brian Blair;Turkey;03.11.2025;retail;medium
538;Christopher King;Lithuania;22.04.2020;retail;low
539;David Willis;USA;18.12.2023;business;medium
540;Wayne Ayala;Lithuania;04.01.2018;business;medium
541;Jenna Smith;Turkey;18.03.2021;business;medium
542;Charles Rice;Czech Republic;07.04.2017;business;medium
543;Janice Taylor;Belarus;30.10.2018;retail;low
544;Shawn Johnson;Czech Republic;29.04.2016;business;low
545;Amy Coleman;Lithuania;14.05.2023;business;low
546;Corey Conway;Czech Republic;30.12.2023;retail;medium
547;Brandy Trevino;UAE;13.04.2022;retail;low
548;Michael Wise;Czech Republic;25.02.2023;business;low
549;Derek Berry;UK;26.07.2020;business;medium
550;Brianna Knight;Ukraine;26.01.2023;retail;high
551;Jennifer Phelps;Germany;09.03.2020;business;medium
552;Ariana Huynh;USA;03.07.2019;business;medium
553;Stephen Berger;Poland;30.04.2021;retail;high
554;Sarah Turner;Lithuania;27.08.2016;retail;high
555;Ms. Morgan Rosales MD;Belarus;11.05.2021;business;high
556;Vanessa Smith;Belarus;11.10.2025;retail;low
557;George Contreras;USA;14.10.2022;business;low
558;Jessica Kelly;USA;31.12.2022;business;high
559;Mr. Cory Allen;Belarus;26.03.2020;business;high
560;Brenda Huang;Russia;21.12.2023;retail;high
561;Sarah Morse;Turkey;18.06.2022;business;high
562;Jennifer Chang;Czech Republic;02.10.2019;business;medium
563;Sarah Silva;Germany;19.10.2019;retail;high
564;James Baker;Turkey;11.06.2019;business;high
565;Karen Baker;UAE;08.07.2016;retail;high
566;Jason Odom;UAE;05.03.2018;retail;medium
567;Benjamin Nelson Jr.;Lithuania;10.04.2025;retail;low
568;Melinda Barnett;Turkey;09.12.2018;business;low
569;Christine Johnson;UK;22.07.2025;business;low
570;Brittany Butler;Czech Republic;03.08.2024;business;low
571;Frederick Ball;Czech Republic;14.08.2022;business;low
572;Dakota Norman;Poland;10.08.2022;business;high
573;Jeffrey Peck;Russia;05.07.2024;retail;medium
574;Stephanie Mathis;USA;11.11.2016;business;high
575;Rebecca Ortega MD;Belarus;14.03.2021;retail;high
576;Carla Giles;Czech Republic;06.06.2020;business;low
577;Trevor Smith;Czech Republic;06.08.2019;business;high
578;Jason Thompson;UK;19.08.2016;business;high
579;Emily Stewart;Poland;09.06.2022;business;high
580;John Mccarthy;Turkey;16.06.2016;retail;low
581;Judy Tran;Kazakhstan;25.02.2021;retail;medium
582;Nicole Williams;Kazakhstan;22.07.2016;business;low
583;Peter Morris;Belarus;01.01.2018;business;high
584;Jackie Lewis;Czech Republic;09.10.2019;business;low
585;Susan Barber;Ukraine;14.05.2017;business;low
586;Nicole Blair;Kazakhstan;09.09.2016;retail;low
587;Kayla Morgan;USA;03.10.2021;business;high
588;Linda Miranda;Turkey;17.07.2020;business;high
589;Laura Nelson;Belarus;26.01.2026;business;low
590;Leslie Glass;Ukraine;23.05.2017;business;low
591;Laura Walker;Turkey;21.12.2017;retail;high
592;Mary Alexander;UAE;31.08.2021;business;high
593;Scott Mercer;Lithuania;26.06.2020;business;medium
594;Christopher Burgess;USA;19.05.2019;business;low
595;Steven Quinn;UAE;08.08.2019;business;low
596;Donald Mccoy;UK;04.07.2020;business;high
597;Wayne Christensen;USA;06.08.2019;business;medium
598;Adam Noble;Germany;15.05.2017;retail;medium
599;April Christian DDS;Poland;10.06.2022;retail;high
600;Erik Carlson;Ukraine;07.07.2022;retail;low
601;Michael Rogers;Kazakhstan;30.12.2025;retail;medium
602;Angel Watson;UAE;16.12.2021;retail;low
603;John Mcmillan;Ukraine;21.05.2019;retail;high
604;Anthony Hanson;Ukraine;18.06.2023;retail;high
605;Michael Gibson;USA;13.06.2018;business;medium
606;Stacy Hicks;Ukraine;07.04.2023;retail;high
607;Alicia Thompson;UAE;31.12.2018;retail;high
608;Shawn Robertson;Kazakhstan;15.03.2025;business;high
609;Renee Madden;Kazakhstan;02.05.2020;retail;high
610;Brittney Gray;Kazakhstan;17.07.2023;retail;medium
611;John Hammond;UAE;16.08.2019;business;low
612;Mary Anderson;Kazakhstan;26.05.2016;retail;high
613;Scott Thompson;USA;19.06.2018;retail;high
614;Aaron Davis;Lithuania;08.03.2020;retail;high
615;John Oneill;Germany;11.02.2019;business;low
616;Gregory Moreno;Turkey;16.09.2024;retail;medium
617;Amanda Gibson;USA;22.09.2016;retail;medium
618;Felicia White;Kazakhstan;26.06.2018;retail;low
619;Gregory Ortiz;Lithuania;09.04.2017;business;high
620;Robert Maxwell;Poland;20.06.2020;business;medium
621;Brian Torres;UK;04.09.2025;business;medium
622;Mrs. Christine Davidson;Belarus;04.09.2016;business;low
623;Kayla Pierce;Ukraine;07.07.2025;business;high
624;Andrew Caldwell;UK;14.07.2019;retail;low
625;Mrs. Jessica Valentine DDS;Kazakhstan;17.10.2025;business;low
626;Dale Morgan;Turkey;10.12.2023;retail;low
627;Blake Aguilar;Turkey;15.11.2016;retail;high
628;Melissa Moreno;Kazakhstan;04.01.2019;retail;low
629;Stephanie Bryant;Poland;14.12.2017;business;high
630;Jennifer Mcdonald;Poland;14.06.2019;retail;low
631;Matthew Montes;Turkey;15.04.2020;business;low
632;Kelly Martinez;Germany;19.09.2025;retail;high
633;Jason Robinson;Kazakhstan;31.08.2020;retail;high
634;Sarah Tucker;Kazakhstan;04.07.2022;retail;medium
635;Deborah Cruz;Ukraine;22.12.2019;business;high
636;Austin Thompson;Lithuania;01.11.2021;retail;high
637;Gregory Campbell;Turkey;04.03.2021;retail;medium
638;Mark Rhodes;Poland;18.09.2017;retail;low
639;Robert Terrell;Belarus;26.06.2022;retail;medium
640;Jessica Neal;Czech Republic;07.09.2017;business;medium
641;Jennifer Padilla;Poland;17.05.2025;retail;high
642;Samuel Walker;USA;24.11.2017;business;medium
643;John Richardson;Turkey;11.07.2021;business;high
644;Debra Martinez;Belarus;19.09.2022;business;medium
645;Eric Cisneros;UAE;08.09.2024;retail;high
646;Spencer Knight;Ukraine;18.12.2023;business;low
647;Rebecca Smith;Lithuania;20.06.2016;retail;high
648;Maurice Spencer;Poland;19.08.2022;business;medium
649;Wanda Finley;UAE;06.09.2022;business;high
650;Timothy Paul;Ukraine;15.12.2023;business;medium
651;Janet Harris PhD;Russia;16.08.2020;retail;high
652;Christine Benjamin;Ukraine;14.11.2017;retail;high
653;Jacob Cook;Germany;10.07.2017;business;medium
654;James Richards;Czech Republic;05.09.2022;retail;low
655;Jennifer Navarro;Turkey;16.11.2016;retail;high
656;David Valencia;Kazakhstan;14.07.2020;business;high
657;George Nguyen;UAE;11.10.2024;retail;medium
658;James Washington;Poland;13.12.2023;retail;high
659;Amy Harris;Russia;10.03.2017;retail;low
660;Samuel Stevens;Ukraine;09.06.2019;business;low
661;Patrick Johnson;Turkey;23.09.2017;retail;low
662;Tracy Hale;USA;06.04.2023;business;medium
663;Kayla Woodard;Russia;15.10.2018;business;medium
664;Tyler Johns;Czech Republic;23.05.2017;business;low
665;Jonathan Cole;Kazakhstan;16.08.2025;business;medium
666;Scott Guerrero;Germany;01.07.2025;retail;low
667;Larry Santos;UAE;27.07.2017;retail;high
668;Douglas Anderson;UK;07.10.2023;retail;high
669;Bradley Fernandez;Kazakhstan;11.12.2022;business;medium
670;Ashley Ortega;Germany;15.03.2019;retail;medium
671;Michelle Stout;UK;11.03.2021;retail;low
672;Maria Mcdonald;Lithuania;29.12.2016;business;low
673;Kimberly Cochran;Germany;03.06.2016;business;high
674;Leonard Nguyen;Ukraine;12.08.2021;business;medium
675;Hunter Dougherty;Belarus;27.08.2023;retail;high
676;Monica Gordon;Ukraine;02.11.2017;business;medium
677;Mark Vang;Belarus;07.05.2020;business;high
678;Alyssa Kent;UK;17.04.2023;retail;low
679;Heather Hunt;Ukraine;01.12.2021;business;high
680;Glen Dixon;Turkey;17.09.2017;retail;high
681;David Malone;UK;11.04.2021;business;medium
682;Patricia Brown;Czech Republic;26.04.2016;retail;low
683;Bryan Potter;Turkey;23.04.2023;business;medium
684;Jacqueline Watson;Germany;28.05.2024;business;low
685;Steven Wright;Turkey;28.01.2025;retail;medium
686;Richard Scott;Germany;06.10.2024;retail;high
687;Jesus Taylor;Russia;23.11.2018;business;medium
688;Amy Smith;Germany;09.11.2020;business;low
689;Tara Wallace;Lithuania;10.05.2016;retail;medium
690;Daniel Davenport;Czech Republic;15.05.2025;business;medium
691;Kimberly Brooks;UAE;07.11.2021;business;low
692;Regina Vincent;Turkey;13.11.2024;business;medium
693;Rachael Stone;Germany;04.02.2023;business;high
694;Gary Henson;Belarus;14.12.2018;retail;medium
695;Jesse Gilbert;USA;14.07.2018;business;low
696;Mark Hernandez;UAE;22.02.2026;retail;high
697;Matthew Black;Czech Republic;21.08.2022;retail;medium
698;Lauren Bishop;Czech Republic;20.11.2021;retail;medium
699;Elizabeth Hurst;UK;20.09.2019;retail;medium
700;Patricia Russell;UK;27.12.2021;retail;medium
701;Jasmine Lee;Germany;15.03.2025;business;high
702;Cheryl Wilson;UAE;21.01.2020;retail;low
703;Robert Compton;UAE;07.01.2019;retail;low
704;Joseph Kane;Belarus;25.07.2025;retail;low
705;Rachel Knight;UK;29.06.2020;business;low
706;Rebecca Henderson;Turkey;17.01.2026;business;medium
707;Olivia Thomas;Belarus;20.07.2016;retail;medium
708;Laura Powell;Belarus;01.04.2017;retail;low
709;Patricia Yang;USA;21.11.2025;retail;high
710;Jennifer Davis;Kazakhstan;27.03.2018;business;low
711;Robin White;Belarus;18.01.2021;business;medium
712;Victoria Acevedo;Lithuania;03.06.2017;retail;low
713;Joseph Peterson;USA;01.10.2018;retail;high
714;James Brooks DVM;Belarus;09.12.2021;retail;low
715;Joseph Day;Turkey;06.10.2021;retail;medium
716;Nicole Little;Czech Republic;05.07.2021;retail;low
717;Keith Myers;UAE;25.12.2023;retail;high
718;Dennis Osborne;Ukraine;13.02.2023;business;high
719;Barbara Love DDS;Lithuania;22.02.2019;business;high
720;Calvin Wright;Russia;13.05.2025;retail;low
721;Joseph Zhang;Czech Republic;04.10.2018;business;medium
722;Darlene Flowers;USA;30.07.2021;retail;high
723;Edgar Davis;Germany;19.09.2016;retail;medium
724;Keith Burns;Kazakhstan;30.04.2022;retail;medium
725;Traci Reyes;Russia;20.09.2025;retail;medium
726;Corey Griffin;UK;04.08.2020;business;medium
727;Michael Smith;UK;24.12.2019;business;high
728;Maria Curry;Kazakhstan;08.01.2024;retail;medium
729;Dr. Geoffrey Parrish;USA;28.12.2025;retail;high
730;Dawn Delgado;Russia;22.12.2023;business;high
731;Kevin Whitney;Belarus;18.06.2019;business;medium
732;Kevin Rodriguez;Ukraine;30.08.2025;retail;high
733;April Ingram;Lithuania;16.05.2018;retail;medium
734;Max Bentley;Belarus;12.02.2018;business;medium
735;Bruce Carter;Poland;01.12.2025;retail;high
736;Robert Gutierrez;Turkey;09.11.2018;business;medium
737;Harold Clark;Czech Republic;01.06.2022;business;medium
738;Joshua Miller;Germany;07.05.2022;retail;low
739;William Welch;USA;12.10.2023;business;high
740;Matthew Meyer;Ukraine;19.07.2019;retail;medium
741;Edward Wright;USA;01.12.2020;business;low
742;Michelle Cooper;UK;01.10.2021;retail;low
743;Anthony Morton;Turkey;13.09.2024;retail;high
744;Lauren Robinson;Kazakhstan;01.09.2024;retail;high
745;Sandra Buckley;UAE;25.10.2023;business;medium
746;Rebecca Edwards;Belarus;17.06.2018;business;high
747;Jeffrey Gutierrez;Belarus;16.12.2020;business;medium
748;Brent Mata;UK;08.02.2021;business;high
749;Ryan Smith;UK;24.10.2023;business;low
750;Deanna Alexander;Poland;01.01.2024;retail;medium
751;Annette Shaw;Kazakhstan;20.01.2019;retail;high
752;Larry Diaz;Germany;18.11.2016;business;high
753;Dakota Gibbs;Russia;12.05.2021;retail;high
754;Justin Edwards;Poland;19.01.2025;retail;high
755;Amber Johnson;Turkey;11.06.2019;retail;high
756;Angela Howell;Russia;02.04.2020;retail;high
757;Hailey Johnson;Poland;08.04.2022;business;low
758;Carla Pena;Poland;23.06.2024;business;medium
759;Jennifer Knight;UK;14.09.2023;retail;low
760;Karen Garcia;Belarus;26.01.2021;business;high
761;Jonathan Austin;Kazakhstan;07.04.2021;business;medium
762;Susan Rodriguez;Germany;20.11.2024;retail;high
763;Patricia Smith;Lithuania;11.02.2023;business;high
764;Sarah Gilbert;Turkey;18.05.2020;business;medium
765;Joseph Cruz;UK;17.01.2022;business;medium
766;Laurie Nelson;UAE;23.12.2020;business;high
767;Shawn Jensen;USA;21.01.2026;business;high
768;Larry Moreno;Turkey;01.02.2021;business;high
769;Willie Curtis;Kazakhstan;26.02.2023;retail;high
770;Angela Gregory;Turkey;07.12.2024;business;low
771;Tammie Collier;UK;03.11.2017;retail;medium
772;Robert Anderson;Belarus;03.08.2019;business;low
773;Eric Davis;Czech Republic;07.04.2019;retail;low
774;Dr. Manuel White;Belarus;24.05.2024;business;low
775;Daniel Hoover;Russia;13.11.2024;retail;medium
776;Tammy Diaz;Belarus;23.08.2021;business;low
777;Austin Collins;Kazakhstan;30.09.2017;retail;high
778;Adrian Perkins;Kazakhstan;09.05.2020;business;medium
779;Jeffrey Moreno;Lithuania;09.04.2024;retail;medium
780;Gene Williams;Ukraine;26.08.2024;business;low
781;Lucas Gillespie;Ukraine;24.04.2020;business;high
782;Traci Cardenas;Turkey;25.10.2021;retail;medium
783;Christina Sanders;Germany;12.12.2020;retail;high
784;Sarah Higgins;Belarus;26.09.2017;retail;low
785;Amanda Powell;Ukraine;19.05.2020;retail;medium
786;Emily Fox;USA;16.04.2025;business;medium
787;Kathy Whitehead;Czech Republic;20.11.2018;business;medium
788;Jasmine Ross;UK;15.03.2026;business;medium
789;Rebecca Zuniga;USA;15.07.2020;business;medium
790;Michelle Reed;Ukraine;14.11.2016;retail;low
791;Brian Robles;Belarus;28.11.2017;business;high
792;Wanda Russell;Kazakhstan;06.12.2018;business;low
793;Deanna Williams;UAE;10.09.2016;retail;medium
794;Raymond Christian;Lithuania;21.05.2024;business;high
795;Jasmine Weeks;Czech Republic;01.02.2018;business;medium
796;Steven West;Czech Republic;06.08.2016;retail;high
797;John White;USA;03.09.2022;business;low
798;William Bradley;Turkey;30.11.2019;business;high
799;Michael Patel;Ukraine;15.10.2023;retail;low
800;John Wilson;Russia;24.09.2019;business;high
801;Karen Williams;USA;01.07.2018;business;medium
802;Michael Trevino;Poland;26.01.2019;business;high
803;Angela Cruz;Russia;05.01.2021;retail;low
804;Christopher Montgomery;USA;12.10.2017;business;low
805;Laurie Ross;Lithuania;15.04.2017;business;high
806;Matthew Perez;Germany;27.09.2017;business;low
807;Gerald Everett;UAE;19.04.2024;business;low
808;Charles Liu;Turkey;24.09.2022;business;high
809;Jason Farley;Belarus;18.04.2024;retail;medium
810;Kevin Figueroa;UK;20.05.2024;business;low
811;Shawn Munoz;USA;21.12.2020;business;high
812;Judith Baker;Lithuania;25.06.2017;business;low
813;Jaclyn Young;UAE;30.12.2018;business;medium
814;Michael Carter;Czech Republic;18.10.2023;retail;high
815;Mr. Ryan Oneal;Ukraine;04.09.2024;business;high
816;Travis Delgado;USA;12.01.2017;business;low
817;Devin Wilson;USA;24.12.2020;business;medium
818;James Collins;Turkey;09.02.2021;retail;high
819;Elizabeth Evans;Lithuania;08.12.2020;business;high
820;Jonathan Finley;UK;02.07.2018;retail;high
821;Daniel Harris;Germany;10.01.2024;business;medium
822;Megan Andrews;USA;30.08.2023;business;low
823;Jeremy Williams;Turkey;12.01.2017;business;high
824;Jesse Montoya;Kazakhstan;22.12.2017;business;high
825;Cole Ross;UAE;10.10.2023;retail;low
826;Rachel Pierce;Ukraine;25.06.2016;retail;medium
827;Jason Vang;USA;28.07.2016;business;low
828;Andrew Burgess;USA;22.09.2024;business;low
829;Jason Watkins;Kazakhstan;08.11.2024;retail;high
830;Tyler Ellis;Kazakhstan;01.02.2026;business;low
831;Colton Clark;UK;31.07.2023;business;low
832;Terry Wallace;Poland;07.11.2020;retail;low
833;Megan Flynn;USA;10.12.2018;business;high
834;Gina Davis;Czech Republic;03.03.2024;retail;high
835;Ashley Douglas;Lithuania;17.11.2023;retail;low
836;Adam Leblanc Jr.;UK;12.06.2021;retail;high
837;Sarah Trujillo;Lithuania;22.08.2018;business;medium
838;Guy Wilson;Turkey;21.12.2016;business;low
839;Brett Espinoza;UK;21.07.2023;retail;low
840;Jessica Stewart;Turkey;30.01.2021;retail;high
841;Kelly Ross;UAE;30.10.2020;business;medium
842;Stephanie Wilson;UK;17.09.2025;business;high
843;Cheryl Fowler;Ukraine;27.08.2023;retail;low
844;Rebecca Dixon;UK;26.01.2019;retail;low
845;Nicole Garcia;Turkey;27.01.2026;retail;high
846;Erica Moody;Belarus;15.06.2016;retail;low
847;Kelsey Jenkins;Russia;02.06.2022;retail;low
848;April Wagner;Turkey;26.08.2019;retail;high
849;Cynthia Turner;UK;09.07.2016;retail;high
850;Billy Le;Germany;08.11.2024;business;medium
851;Amanda Nguyen;Poland;14.02.2023;business;high
852;John Armstrong;Ukraine;03.11.2020;business;low
853;Natasha Farrell;UK;01.03.2017;business;medium
854;Tom Ramirez;UK;22.04.2023;retail;high
855;Peter Clark;UK;30.03.2017;business;low
856;Austin Davies;Czech Republic;09.11.2020;retail;low
857;Brittany Jackson;Lithuania;20.07.2020;business;high
858;Sherri Preston;Kazakhstan;23.03.2019;retail;high
859;Maria Sparks;Germany;23.05.2021;retail;high
860;Patricia Hays;Lithuania;11.12.2025;retail;high
861;Cindy Sullivan;Kazakhstan;25.07.2016;business;medium
862;Susan Rice;Czech Republic;29.03.2021;retail;high
863;Danielle Gonzalez;UAE;19.10.2017;business;low
864;Raymond Mercer;Czech Republic;08.12.2023;business;low
865;Crystal Bryant;Ukraine;23.05.2020;retail;medium
866;Laura Turner;UK;21.11.2024;business;medium
867;Anne Waters;Poland;03.07.2025;business;low
868;Derrick Hardy;Germany;14.04.2016;retail;high
869;George Warner;UK;03.03.2026;retail;high
870;Mark Gibbs;Germany;30.05.2024;retail;high
871;Melissa Taylor;UAE;18.06.2023;retail;high
872;James Willis;Lithuania;28.08.2019;retail;high
873;Tara Stephens;UK;05.08.2019;business;medium
874;Howard Williams;Belarus;31.08.2016;business;high
875;Robert Hopkins;Russia;25.08.2022;business;low
876;John Rivera;Germany;10.02.2020;retail;medium
877;Stephanie Johnson;USA;01.10.2025;business;high
878;Madison Rodriguez;Germany;09.07.2023;retail;high
879;Maria Williams;Belarus;28.11.2023;retail;low
880;Gregory Barajas;UAE;12.05.2022;retail;low
881;Daniel Stokes;Russia;24.11.2017;retail;medium
882;Joshua Walters;USA;01.10.2018;retail;high
883;Megan Buckley;USA;27.09.2021;business;high
884;Kevin Lopez;Czech Republic;07.01.2022;retail;medium
885;James Davenport;Poland;31.10.2022;retail;medium
886;Sharon Stewart;Czech Republic;21.12.2020;retail;medium
887;Charlene Wright;Germany;19.08.2022;business;high
888;Carlos Cook;USA;13.04.2023;retail;medium
889;John Myers;UK;02.01.2021;retail;high
890;Susan Brewer;Germany;14.03.2019;business;medium
891;Karen Roberts;Germany;14.08.2018;retail;low
892;Sara Roth;Lithuania;13.11.2022;business;high
893;Michelle Ali MD;Kazakhstan;18.04.2016;retail;medium
894;Heather Hansen;Czech Republic;30.03.2018;retail;high
895;Emily Lane;Kazakhstan;05.07.2019;retail;high
896;Robert Gonzalez;Poland;21.02.2025;retail;low
897;Daniel Wilson;UK;17.09.2021;retail;high
898;Michael Mann;Lithuania;26.12.2019;retail;low
899;John Sparks;Turkey;22.06.2024;business;high
900;Kimberly Small;Kazakhstan;17.09.2025;retail;high
901;Christopher Brown;Czech Republic;12.10.2020;retail;low
902;Kathleen Roach;Ukraine;12.08.2017;retail;low
903;Stephen Davis;Czech Republic;09.03.2018;business;high
904;Kimberly Harris;UAE;19.10.2024;retail;low
905;Ricardo Bray;Ukraine;12.02.2017;retail;low
906;Cody Adams;Turkey;21.03.2016;retail;low
907;Leonard Miranda;Poland;31.07.2022;retail;high
908;Tammy Nichols;Lithuania;19.11.2024;retail;high
909;Michael Martinez;USA;05.03.2025;business;medium
910;Raven Walker;Poland;05.02.2022;retail;low
911;Mikayla Torres;USA;25.08.2017;retail;low
912;Jennifer Vega;Germany;02.09.2019;retail;high
913;Grace Burgess;UK;04.12.2016;retail;low
914;Steven Lopez;Russia;10.01.2022;business;medium
915;Kaitlyn Hansen;Belarus;09.07.2024;business;high
916;Caleb Clark;Turkey;12.03.2026;retail;low
917;Tara Barrett;UAE;24.06.2020;business;high
918;Benjamin Cruz;Ukraine;02.08.2016;retail;medium
919;Brenda Crane;Poland;19.01.2018;business;medium
920;Brian Bell;Kazakhstan;09.01.2019;retail;low
921;Zachary Saunders;Ukraine;15.02.2021;retail;high
922;Monique Gould;UK;05.08.2023;retail;medium
923;Roger Haley;Ukraine;26.02.2021;business;low
924;Stephen Bush;Czech Republic;23.06.2023;retail;high
925;Jessica Grimes;Ukraine;25.08.2018;business;high
926;Laura Reed;UK;19.08.2021;business;high
927;Benjamin Clayton;UAE;13.01.2025;business;medium
928;Dalton Lee;Kazakhstan;08.07.2016;retail;medium
929;Joseph Snyder;Ukraine;05.10.2020;retail;high
930;Alan Rodriguez;UAE;22.11.2018;retail;medium
931;Amy Jimenez;UK;11.01.2020;business;low
932;Mr. Leonard Bruce;Kazakhstan;17.10.2016;retail;high
933;Heather Alvarado;Kazakhstan;02.06.2022;retail;medium
934;Michael Kelly;Germany;01.11.2017;retail;low
935;Emily Wong;Belarus;05.04.2019;retail;medium
936;Lisa Ramirez;USA;13.09.2022;retail;medium
937;Frances Rodriguez;Russia;19.05.2018;business;high
938;Melissa Hanson;Russia;04.12.2020;business;high
939;Mrs. Pamela Watkins;Czech Republic;26.12.2019;retail;low
940;Jenna Sullivan;Lithuania;23.11.2024;business;high
941;Lori Campbell;Belarus;19.12.2017;retail;medium
942;Christina Mckee;USA;10.01.2019;business;medium
943;Alyssa Dillon;Kazakhstan;23.02.2020;retail;medium
944;Christopher Long;UK;10.10.2017;business;medium
945;Kristopher Shelton;Belarus;12.11.2020;retail;high
946;Gabrielle Goodwin;Belarus;21.10.2025;retail;medium
947;Carla Graham;UAE;05.07.2017;retail;medium
948;Michael Haley;Russia;01.02.2017;business;low
949;Nicholas Holmes;UK;05.11.2023;retail;low
950;Teresa Bryan;Lithuania;05.06.2018;retail;medium
951;Ralph King;Russia;26.11.2022;retail;high
952;Jason Campbell;Poland;31.10.2023;business;medium
953;Allen Blanchard;Turkey;30.03.2024;retail;high
954;Gregory Fowler;Poland;11.07.2024;business;high
955;Patrick Smith Jr.;Germany;30.06.2016;retail;medium
956;Makayla Lewis;Turkey;12.06.2021;retail;low
957;Nicole Mullins;UAE;23.07.2020;business;low
958;Joseph Welch;Turkey;05.11.2018;business;high
959;Kyle Berger;Ukraine;24.09.2016;retail;low
960;Ian Campbell;UAE;24.09.2018;retail;low
961;Kathryn Hernandez;UAE;16.05.2022;business;medium
962;Mackenzie Williams;Lithuania;30.10.2020;business;medium
963;Linda Evans MD;USA;06.07.2018;retail;low
964;Charles Hansen;Kazakhstan;25.07.2022;retail;high
965;Paula Jones;Belarus;30.09.2019;retail;high
966;Alexis Porter;UK;26.12.2016;business;high
967;Jeffrey Gibson;Poland;10.04.2017;retail;high
968;Joyce Lee;Kazakhstan;25.12.2018;retail;low
969;Rebekah Greene;UK;26.02.2026;retail;medium
970;Charles Hunter;Turkey;11.06.2017;business;low
971;Patrick Richmond;Poland;25.12.2016;retail;high
972;Tyler Dawson II;Ukraine;02.11.2023;business;medium
973;Timothy Mclean;Russia;24.08.2021;retail;high
974;Margaret Gallagher;Kazakhstan;11.02.2022;business;low
975;Alexander Wells;USA;20.03.2024;business;medium
976;Daniel Holden;Poland;12.11.2025;business;high
977;Frank Weaver;Turkey;02.11.2020;business;low
978;Joshua Armstrong;Belarus;19.09.2017;business;medium
979;Rebecca Henson;Ukraine;29.11.2025;retail;medium
980;Melissa Anderson;Russia;01.03.2026;retail;high
981;John Hill;Lithuania;23.05.2017;business;low
982;Micheal Hayes;Kazakhstan;03.06.2021;business;low
983;Leslie Nelson;Poland;17.07.2021;retail;high
984;Tyler Thomas;Turkey;19.12.2022;retail;medium
985;Anne Fuller;Czech Republic;07.08.2019;business;high
986;Emily Hanna;Czech Republic;28.08.2021;retail;low
987;Sharon Wilson;UAE;26.07.2018;retail;low
988;Brandon Green;Poland;12.12.2021;retail;medium
989;Theresa Myers;Kazakhstan;26.06.2017;retail;low
990;Daniel Barnett;Czech Republic;21.12.2023;business;medium
991;Teresa Pittman;UK;03.02.2020;retail;high
992;Michelle Kelly;Belarus;12.04.2020;retail;low
993;Timothy Smith;USA;04.04.2024;retail;low
994;Shelley Long;UAE;09.05.2021;retail;high
995;Misty Jackson;Belarus;21.05.2021;business;medium
996;Pamela Cannon;UAE;08.06.2023;retail;low
997;Christopher Harrison;UAE;04.06.2019;retail;low
998;Brandon Valentine;Kazakhstan;18.02.2020;retail;medium
999;Emily Solis;Czech Republic;11.11.2023;retail;high
1000;Colleen Rodriguez;Belarus;01.08.2022;business;low
